{"cameraMode":{"drawMode":0,"name":"Shaded","section":"Shading Mode"},"sceneLighting":true,"audioPlay":false,"sceneViewState":{"showFog":true,"showMaterialUpdate":false,"showSkybox":true,"showFlares":true,"showImageEffects":true,"showParticleSystems":true},"in2DMode":false,"pivot":{"x":2.29541015625,"y":97.210693359375,"z":150.0},"rotation":{"x":0.002101550344377756,"y":-0.005999940913170576,"z":-0.000012605109986907337,"w":-0.9999797940254211},"size":287.6304016113281,"orthographic":true}